creation_week,total_creations,week_number,percentage of orders
1568588400000,106,1,9.43396226415094
1568588400000,106,2,10.377358490566
1568588400000,106,3,10.377358490566
1568588400000,106,4,7.54716981132075
1568588400000,106,0,0.943396226415094
